{
  "mode": "paper_figure6a_official_matlab",
  "checkpoint": "checkpoints\\deeprx_official_matlab_state_dict.pth",
  "snr_db": [
    0.0,
    3.0,
    6.0,
    9.0,
    12.0,
    15.0,
    18.0,
    21.0
  ],
  "samples_per_point": 100,
  "n_frames": 1,
  "curves": {
    "deeprx_1_pilot": [
      0.19810058863412242,
      0.11656934787968438,
      0.05326476516272191,
      0.016957066691321507,
      0.004063567862426034,
      0.001172636217948718,
      0.0005391195142998024,
      0.0003558724728796844
    ],
    "deeprx_2_pilots": [
      0.1658106795434098,
      0.10016287814889788,
      0.046134984396086355,
      0.013924103126405763,
      0.002817254976383266,
      0.0005905870445344129,
      0.00018837508434547918,
      9.552476945569049e-05
    ],
    "lmmse_1_pilot": [
      0.2669045549802762,
      0.22369409670857987,
      0.18821145062869823,
      0.1656394739275148,
      0.15449622472879693,
      0.15023097879684413,
      0.1482209750986193,
      0.14717219243096646
    ],
    "lmmse_2_pilots": [
      0.22095871288798918,
      0.11959947846378773,
      0.05909950306455242,
      0.02252753879892038,
      0.007657332433648224,
      0.003755475427350429,
      0.002430769933648224,
      0.0018468075236167344
    ],
    "lmmse_known_channel": [
      0.17451683541169247,
      0.10564427811894443,
      0.04879611252497923,
      0.015183384237992661,
      0.0032891355994152044,
      0.0007273906401389329,
      0.00023299697870168514,
      0.00011026908911208002
    ]
  }
}
