{
  "mode": "paper_figure6a_official_matlab",
  "checkpoint": "checkpoints/deeprx_official_matlab_state_dict.pth",
  "snr_db": [
    0.0,
    3.0,
    6.0,
    9.0,
    12.0,
    15.0,
    18.0,
    21.0
  ],
  "samples_per_point": 500,
  "n_frames": 1,
  "curves": {
    "deeprx_1_pilot": [
      0.24311022004437882,
      0.1674625976947731,
      0.0996773009122288,
      0.05045072300295854,
      0.021056871301775158,
      0.007042154215976335,
      0.0022624639423076943,
      0.0009475866000986192
    ],
    "deeprx_2_pilots": [
      0.21247859733468297,
      0.14641238332208725,
      0.08925289937584352,
      0.04655406334345482,
      0.01960088633040934,
      0.00637921657107512,
      0.0018932776653171398,
      0.0006901280645524084
    ],
    "lmmse_1_pilot": [
      0.29774501109467433,
      0.2520289469304734,
      0.21225473002958573,
      0.18149706977317542,
      0.16030094366370826,
      0.14817605800049302,
      0.1423853809171597,
      0.13974850375986203
    ],
    "lmmse_2_pilots": [
      0.24515229349415218,
      0.1793379997469635,
      0.1126386681848853,
      0.05986407936909583,
      0.027334819922402172,
      0.011161821721772384,
      0.004998739035087718,
      0.002980167566351777
    ],
    "lmmse_known_channel": [
      0.21812276288214974,
      0.15142483725377615,
      0.09256946837206735,
      0.047990578493741116,
      0.019982308762846446,
      0.0064883250501747486,
      0.0019079430246288782,
      0.0006689162822459257
    ]
  }
}
